{
  "project_info": {
    "project_number": "366095238820",
    "firebase_url": "https://expense-90c13.firebaseio.com",
    "project_id": "expense-90c13",
    "storage_bucket": "expense-90c13.appspot.com"
  },
  "client": [
    {
      "client_info": {
        "mobilesdk_app_id": "1:366095238820:android:8cc5cd32f4729d03",
        "android_client_info": {
          "package_name": "com.example.ayappa.expenseapp"
        }
      },
      "oauth_client": [
        {
          "client_id": "366095238820-4r404hea20vvkd05i16nd3nt1hndgnbi.apps.googleusercontent.com",
          "client_type": 3
        }
      ],
      "api_key": [
        {
          "current_key": "AIzaSyBSp2xSnxEmB7ixeXUZHEe1iFtYbQOGNIQ"
        }
      ],
      "services": {
        "analytics_service": {
          "status": 1
        },
        "appinvite_service": {
          "status": 1,
          "other_platform_oauth_client": []
        },
        "ads_service": {
          "status": 2
        }
      }
    }
  ],
  "configuration_version": "1"
}