{
  "project_info": {
    "project_number": "135142412223",
    "firebase_url": "https://plan-e808c.firebaseio.com",
    "project_id": "plan-e808c",
    "storage_bucket": "plan-e808c.appspot.com"
  },
  "client": [
    {
      "client_info": {
        "mobilesdk_app_id": "1:135142412223:android:3aba7cf9ad504896",
        "android_client_info": {
          "package_name": "com.example.amith.plan"
        }
      },
      "oauth_client": [
        {
          "client_id": "135142412223-fmsa7vle3kn3m15n94niteq91bhg2plk.apps.googleusercontent.com",
          "client_type": 1,
          "android_info": {
            "package_name": "com.example.amith.plan",
            "certificate_hash": "45f19db263323fffafcc99bee11b6e872c65ff87"
          }
        },
        {
          "client_id": "135142412223-0p6cd2d1o9tcpmejd6157dpl8sgogcfs.apps.googleusercontent.com",
          "client_type": 3
        }
      ],
      "api_key": [
        {
          "current_key": "AIzaSyBcipcy0LDx3cMR-uk_e-cwb5dOfO2f9W8"
        }
      ],
      "services": {
        "appinvite_service": {
          "other_platform_oauth_client": [
            {
              "client_id": "135142412223-0p6cd2d1o9tcpmejd6157dpl8sgogcfs.apps.googleusercontent.com",
              "client_type": 3
            }
          ]
        }
      }
    }
  ],
  "configuration_version": "1"
}