{
  "project_info": {
    "project_number": "538875133634",
    "firebase_url": "https://expenseapp-1e330.firebaseio.com",
    "project_id": "expenseapp-1e330",
    "storage_bucket": "expenseapp-1e330.appspot.com"
  },
  "client": [
    {
      "client_info": {
        "mobilesdk_app_id": "1:538875133634:android:8cc5cd32f4729d03",
        "android_client_info": {
          "package_name": "com.example.ayappa.expenseapp"
        }
      },
      "oauth_client": [
        {
          "client_id": "538875133634-iqdeqmf5i0d9sj7go1d9r8o40u9innma.apps.googleusercontent.com",
          "client_type": 1,
          "android_info": {
            "package_name": "com.example.ayappa.expenseapp",
            "certificate_hash": "45f19db263323fffafcc99bee11b6e872c65ff87"
          }
        },
        {
          "client_id": "538875133634-geam4lvheo0k25c8t4l4gqd337h7tuco.apps.googleusercontent.com",
          "client_type": 3
        }
      ],
      "api_key": [
        {
          "current_key": "AIzaSyDCLdTTpfvG2qwt4plFStimlKPNKzYD_NM"
        }
      ],
      "services": {
        "analytics_service": {
          "status": 1
        },
        "appinvite_service": {
          "status": 2,
          "other_platform_oauth_client": [
            {
              "client_id": "538875133634-geam4lvheo0k25c8t4l4gqd337h7tuco.apps.googleusercontent.com",
              "client_type": 3
            }
          ]
        },
        "ads_service": {
          "status": 2
        }
      }
    }
  ],
  "configuration_version": "1"
}